path	size	sha256
README.md	18	7c5f8117fd765c41e3abc3eaf497b0780ef6a98e53fffa382880a81686986302
recording_metadata.json	61676	07903fc44777b765da4e3e30997e921e3d2a3bbfec54887a9eb2f1b16a4b122a
recordings/S01D01/0612_214023_q01_t1.wav	142038	059893a1cb484ec04cc17c619d9a0bccb499ee3b357a7039f91f543d4ec58ce9
recordings/S01D01/0612_214104_q02_t1.wav	133846	bb5bdb148980aaa1b6ed2d684c97079ed72eac6628385f9779d4f643fcfbdcbf
recordings/S01D01/0612_214133_q03_t1.wav	131116	d49ce2991f7250e45f45e6a534f629b43637a59fefbb58173ac4e6704ca760f2
recordings/S01D01/0612_214204_q04_t1.wav	87424	437761f0f3dad76eb28fed7b726b8a11e1cd22fffae0b2d6625aa47529040304
recordings/S01D01/0612_214241_q05_t1.wav	120192	dbc4ff3312f0147892bdad22498cd7fc11fc750091f543a74b103abf800a7e42
recordings/S01D01/0612_214316_q06_t1.wav	106540	41e3b0ecfabc469442e9d168e304768748f20090a70ca7cee7db9a12e3258d82
recordings/S01D01/0612_214345_q07_t1.wav	103808	e4ccf8186868ec15a1d06c466af6764febb480bf59ce4c631591f10fc9b0f147
recordings/S01D01/0612_214421_q08_t1.wav	103808	0f80562e3741c54c28f2f9ee802ac738ac0eda3763869ade5154a14b17c47324
recordings/S01D01/0617_133239_q01_t1.wav	120192	ea79b8ba87aceccc4b581d0240d745b344693df2f637f49cf38ddc2a37532e0e
recordings/S01D01/0627_145610_q01_t1.wav	103808	de253d5d2292b25911f696a8c402ef733ed5d0dc515a3ee6210696b8051884a9
recordings/S01D01/0627_145655_q02_t1.wav	131116	5c6ac23830a4021e58f8a461ac447a6c1a7cfda35cd0799d61d9773bfcf32935
recordings/S01D01/0627_145738_q03_t1.wav	98348	b4b30cce2dd86b661a5266a6b9071b6670b63b00ecdc11f8dabc825e88c60bc8
recordings/S01D01/0627_145859_q04_t1.wav	73772	80ae26c8ea0c7bf4dcaabdac60100fddceceaf620eb81f2d49c0565ca16aabe8
recordings/S01D01/0627_145926_q05_t1.wav	106540	c7573b44371a246ef007addffb78b80980081a7e80caeefe88f2055a9020fc23
recordings/S01D01/0627_145948_q06_t1.wav	71040	6911a50fac6223df93d8ce6756566e1dba84d9b9f5c4ba2660b350037e87b172
recordings/S01D01/0627_150013_q07_t1.wav	68310	2b43e18bc61188e76769a6013074387d2b0f021ef4e78dc272a2e22f6f5b68aa
recordings/S01D01/0627_150056_q08_t1.wav	92886	f34d0c677d1da87c5e9af3f49267a08beff40ec87eadc1efbdc03174633d6d62
recordings/S01D02/0612_214842_q01_t1.wav	122924	b9202c26441588f2bacb01602c99562f6181a7b211d62f08606e502021436d9a
recordings/S01D02/0612_214918_q02_t1.wav	120192	66499c4ac4d723702970863b67ca924807531cf9db107e139ca4829a32f75621
recordings/S01D02/0612_214955_q03_t1.wav	133846	6c3a61a97baf2be94178867ecc9e830ccff47d520360dd88aea7f21cd2c01302
recordings/S01D02/0612_225204_q01_t1.wav	92886	a3d5320d939010b78e1b05e610e293a75791ac21629e7f5b2864740778bdbe80
recordings/S01D02/0612_230750_q01_t1.wav	122924	b2bf2d2593ffb707b538bae1a514de7415735a829204e5580cb02797cca1785a
recordings/S01D02/0612_230821_q02_t1.wav	120192	dbdbd082178bfd754ef9914105ca388dbb8f037b327362a3a1a3888350e41f31
recordings/S01D02/0612_230855_q03_t1.wav	147500	36d87e2c53733a234898f42306f7dd3dba1197a05f090349cf91aadfdfd16f6f
recordings/S01D02/0612_230916_q04_t1.wav	84694	fd991d20514cbc18b2289d51e3a752bf28d5f47eda63508948d0d1d8372d90ed
recordings/S01D02/0612_231123_q01_t1.wav	117462	7c8cce3c0869d4f1d6fe72ec14021c4066fe135c13000a6e2b72d65cc4f6a0d8
recordings/S01D02/0612_231223_q01_t1.wav	92886	ca7611303433e03e4497d77f6bca75c1b2a04aadb02dc4d6a801d8cf3f90f0ed
recordings/S01D02/0612_231303_q02_t1.wav	101078	0aab0409765ca035a86d7ddc18fc2843f3b0f1b0f5435b421b6e6d4ed4eb5b80
recordings/S01D02/0612_234559_q01_t1.wav	106540	9b4f84d92a129e83e4739ae608989954b80a7a82dbfb486e5eaba14e9c862004
recordings/S01D02/0612_234703_q02_t1.wav	125654	9a7968a08aa9d1ecd14a218b4f86019b13dac40f654b51e71217dda3ec4f68f5
recordings/S01D02/0612_234749_q03_t1.wav	155692	b2383455e0a75f4ea82d0c7318e10c2e5e38abcb664d82c8daf673c5fc34cdfc
recordings/S01D02/0612_234815_q04_t1.wav	103808	592941aca252b5eb435328c7cfe380941b2f6040266dbe0a4b473ed99044e3a7
recordings/S01D02/0612_234843_q05_t1.wav	79232	e7319ab97a94907294e4ae48588478478d606393916444662e6d56f540666149
recordings/S01D02/0612_234906_q06_t1.wav	120192	550d0db53448fe6a025866155b50c9ecf2c40d3110d19ebf80b78f2d670d216e
recordings/S01D02/0612_234929_q07_t1.wav	109270	0f70e9828f39c338ae37de4be749d0be928d95afb5619d0fe26a93e5f4b92b6f
recordings/S01D02/0612_235027_q07_t2.wav	128384	96d8cee2c3247b6a62a9e5a013eb6e80a32f508c87a43acfa4b3eb2c37808c05
recordings/S01D02/0612_235051_q08_t1.wav	81964	6531b1877cf2f5cc54576dc4a32037d73a8eb34061635e658f3b495221ecac75
recordings/S01D02/0612_235809_q01_t1.wav	73772	363088fa86510190240ae6df7227715749b455c22ffd60efa1bf86dba66ac391
recordings/S01D02/0612_235844_q02_t1.wav	166614	41b2f66854f8ecdef48920af6ca1c9fcad5d8d0b034ea1b6ed66649245828c57
recordings/S01D02/0612_235925_q02_t2.wav	147500	0e0615415701f68a70160eb78780a0df603fb7b68d1bc29588e6c526f78c8656
recordings/S01D02/0613_000002_q02_t3.wav	125654	5b498c9929a7607564c0d5447095b6207fc93ce5ea26adb87bc0d0ed7198cf39
recordings/S01D02/0613_000104_q03_t1.wav	106540	5b22c3808f70d1866368e74c3a1ef49093470bf04b303e8c98b70c0e0cc7599f
recordings/S01D02/0613_082550_q01_t1.wav	103808	64540553ba34d5037f8a5183208fc5d38bc185ae0ab58a9aa7cb557d05e2f5bc
recordings/S01D02/0613_082635_q01_t2.wav	237612	443995021e13696ed5506d4c94dd25643031f4a203e45c447f62c7ce2d4f66d7
recordings/S01D02/0613_082701_q02_t1.wav	101078	b483d8baf688cddd3573e263ba564575bcf77f7539e9e5323f3b106af9349d49
recordings/S01D02/0628_213718_q01_t1.wav	133846	2ae1b7d73c423b1031121cb7d262a0c049f6bd5ec51f7b3dee47fda9189f826b
recordings/S01D02/0628_213754_q02_t1.wav	106540	d6797b55f1c6bb88a2e10fba6e4fe45d6b4fd6ffd5913be2f0f5c31c480ee18c
recordings/S01D02/0628_213845_q03_t1.wav	128384	24872edf3f5fd77efb32b60190dccd2fa248cd01cca1a38a04e29dafcf872a64
recordings/S01D02/0628_213915_q04_t1.wav	112000	723e595c7c96bb7863424afbe31237fcf65f8cfce5fd85dacba7e461839ccf16
recordings/S01D02/0628_213942_q05_t1.wav	90156	bf9886b90d2a5ab37f7f033a8dcb776f03830bc3e66d64e95311522e6cbf5eee
recordings/S01D02/0628_214010_q06_t1.wav	65580	5a366ff2afa735469025f0da9b840343e77e45daedb8b34e9c8ba9363f5da181
recordings/S01D02/0628_214114_q07_t1.wav	103808	867b683de5e9d2d55a088da59fbdd08835d1688da431ccc9531b1d3f56e307d1
recordings/S01D02/0628_214140_q08_t1.wav	79232	4f2eaab2e4b3147199ac0e65859ecbe5b1f5b03428d048dcdb525eab8d7a125f
recordings/S01D03/0629_211337_q01_t1.wav	87424	a2843d8deefa8d67a9b4e54ee96ed1579c3ecba71a59011f1ed516ca09b6880d
recordings/S01D03/0629_211418_q02_t1.wav	87424	427209a8c5c458ab9be8cdaddd0d928e50c23c46a1a7b6cc8ea71f63350d0962
recordings/S01D03/0629_211505_q03_t1.wav	166614	eb6ab977ffba0f0e4f456d9bbe62fd7a6cb1660b12425c3df44beee3546cb7b0
recordings/S01D03/0629_211527_q04_t1.wav	87424	fe15ba5f346738975d568758ce6d8feba36e161a122cb9dd365d65519c085a66
recordings/S01D03/0629_211547_q05_t1.wav	92886	c8e6e2f73c2a9fd92554ce8fe66f94e7113fecad9089998e2cafc1c3f9731080
recordings/S01D03/0629_211612_q06_t1.wav	101078	f70ba8bbff44b8dc8d4a4300f9cc9ffe8f929da3aaf808615091de11c8afbef1
recordings/S01D03/0629_211643_q07_t1.wav	131116	ec8e69dc2589cc5496abf2e40eeadcbdf5621cb880df1526bab510e89f1eb870
recordings/S01D03/0629_211727_q08_t1.wav	144768	783d18f87ef187b4509a6f407a8b60bd078d5d69e7e2ff897620e7838ea594a6
recordings/S01D04/0701_132008_q01_t1.wav	73772	574cfc614f707ab17f1ecb7608c7da1911a515cf9b81fc4e440bc2fe006da144
recordings/S01D04/0701_132036_q02_t1.wav	103808	ba41c6f067a8924890cd8d1c1c3ecc28ecd710d9b79087c9d2ae6065bd1bde35
recordings/S01D04/0701_132101_q03_t1.wav	112000	1de85466b324a1f8f78793f2879be069bf090396d95a48311b3b85aeaf591259
recordings/S01D04/0701_132130_q04_t1.wav	114732	dad2c2dbce77b1d17a9bff04a6c226b0cd0f14504204756c26a1068789fb22ff
recordings/S01D04/0701_132203_q05_t1.wav	109270	11679410dd3ea1684acc5bc863a8e62ab1bcc344818ffe6bead9683d7bd35877
recordings/S01D04/0701_132234_q06_t1.wav	101078	c12bf3872e5f13b82909991df3a6e91d366422d28eb4ce3ba2f32aa38bcb1566
recordings/S01D04/0701_132304_q07_t1.wav	79232	6478e70ec8899772aa041df44645b96fe9ba0c8c390524d96699f1d8007bef28
recordings/S01D04/0701_132324_q08_t1.wav	68310	31aed307833b322186ddbf3f488980aaaf1ca16569af62a7506ca151d3758ac6
recordings/S01D05/0704_200615_q01_t1.wav	57388	198c106e0e026c83d60462791836506db2162b49a647d9527fde49ce537c10cc
recordings/S01D05/0704_200649_q02_t1.wav	92886	bb4f768ca3f0a0faca76c8ccd830e40e98e434814685d760b56dbc0f26b97d17
recordings/S01D05/0704_200711_q03_t1.wav	81964	d3a0de2048c4027f0481e675354cf02a2ebb0e02fa5ce3468cdef2a3d311cfde
recordings/S01D05/0704_200730_q04_t1.wav	81964	02f99223c6ea0a00429b539d87be27b5a6597f606ca57f1c6befe616c6e8d07b
recordings/S01D05/0704_200759_q05_t1.wav	103808	375da58c759d38968d0d0f7475e9b4559af788a9065043f50f9f5213d0952bb1
recordings/S01D05/0704_200826_q06_t1.wav	98348	efb9a8933d2fc01775db31169796d2bff73aa5e821a9a88066d3cfc6f19c9ee4
recordings/S01D05/0704_200852_q07_t1.wav	103808	1f85d85ab3bff1ff7b19bfba75ad26fa225288ac208a01a20216b234f97b073d
recordings/S01D05/0704_200924_q08_t1.wav	81964	4addd61a6d84b1fe8d544662bb6adc4a9d8af6fb45649f6a74c3e51478487b7e
recordings/S01D05/0704_232236_q01_t1.wav	57388	58dcd7e0ac084120b10f24ed1d10687c488f07a0d8246c47b1fb8d8a05aa0eca
recordings/S01D05/0704_232256_q02_t1.wav	76502	f8293931c4e5e4b55cb62f8eb17fc5d084d50826fdba222ada203136d93f29ed
recordings/S01D05/0704_232313_q03_t1.wav	65580	a8579433ae38bcd77c7b60d79ecfbbb84f8324b4bbf43c1c2843ae639749079f
recordings/S01D05/0704_232329_q04_t1.wav	54656	c8eba10612c3a250ec7819b926cef3a5ea9e2868f05495bfb6fc0b9d2fa70528
recordings/S01D05/0704_232355_q05_t1.wav	98348	3132102327ee360330cfb0f94d90af10cd7190a21029efff1a8e12b3fc473f6b
recordings/S01D05/0704_232414_q06_t1.wav	87424	84a1e9904292ebaed6c1a506d0a5c3d75dd0100a260c94c98091d9d381f75a16
recordings/S01D05/0704_232435_q07_t1.wav	51926	f7f8577b344385c2be68494f15ba9415e59a364ac499512fe4e2664dbbfb4679
recordings/S01D05/0704_232501_q08_t1.wav	54656	e57d015bb8a15fb3fa1d7efc0649710053399c88a24048e4b53ff0d21eb0265e
recordings/S01D06/0705_160732_q01_t1.wav	46464	18a997606b90e0a367106c6ac78580ec686c8370869111d5618149a6341b8afc
recordings/S01D06/0705_160750_q02_t1.wav	43734	70220aec0248502d8672ca2f111552e447cfe92680d9d5d5fbf570fe15a3648c
recordings/S01D06/0705_160830_q03_t1.wav	62848	b4112dc046631313939c1bdd29780842d72b4ec639f3a445bfd809e18125bdc4
recordings/S01D06/0705_160850_q04_t1.wav	73772	2b21a88bfcf0d226728e4dc198ce773413f7144a0fa86404d249ce46bbd662b9
recordings/S01D06/0705_160909_q05_t1.wav	46464	0ea0d23dda2dba1260cedec77f2644371fe8eb680bb569cbc12fda822ba24dff
recordings/S01D06/0705_161003_q06_t1.wav	120192	95a9f9af465aceb2e053ba1c39dafac554df3be3d361a93b32c81d306918e773
recordings/S01D06/0705_161034_q07_t1.wav	76502	792c30d86bc7cb0110d5ed2d3a6b6156d3346cfe5d5c346cafd206e02388c97e
recordings/S01D06/0705_161112_q08_t1.wav	128384	619e11bb409db4235c6dad53999ae19928733fbaba595c848c7fd41710191273
recordings/S01D07/0706_191609_q01_t1.wav	133846	8f95c2582c494532eadf05fb6b8d4dbd65a0af55afbe30a40e61a0e455ff6ae3
recordings/S01D07/0706_191633_q02_t1.wav	84694	8e2505d567470d5e3dc5467d2cb0c1995b2d4c8009060a82d2c47dc39230bcf1
recordings/S01D07/0706_191707_q03_t1.wav	136576	e4a78b9426a984c711c054ea274527d7666c122ce381705d3147c43faf7a9e1c
recordings/S01D07/0706_191741_q04_t1.wav	106540	f6f7f5bdbb2aa3ace35e5aa8313e71e9d286f6cf96d64aec707b75c8f6dcf21e
recordings/S01D07/0706_191802_q05_t1.wav	98348	02cd4bc693777e61c717c1e429f2502b7df529357235100234c02207da7062ee
recordings/S01D07/0706_191823_q06_t1.wav	109270	d366b01eb7283928a148e9559af29d3a364afc2b0b08327fb00bb7ff59824bbf
recordings/S01D07/0706_191845_q07_t1.wav	95616	fb72eb371399f17cb6c2d3af7999e59d9c1be8d6eaa25db07a3916789aa8ec16
recordings/S01D07/0706_191905_q08_t1.wav	57388	6c44f37f5cf12d605f12a32fb40c54de87654767d61e286360628b6273afe912
recordings/S01D08/0707_192525_q01_t1.wav	49196	a4b323456d59e8060ca179e27ae39aa10520b5745bbe1bf6d20fb46df08e4c21
recordings/S01D08/0707_192545_q02_t1.wav	38272	89bc7b39fe22a497cd290ee797ffa877e1d40d5595fb2c61a1c6dad15055ca14
recordings/S01D08/0707_192607_q03_t1.wav	46464	dccd02cc5be5a5d4b3e628c94cc0f5634f5ebbdf6e1f27152d01c9b47babb2ac
recordings/S01D08/0707_192625_q04_t1.wav	57388	52dbbf1013442ce1e40c88990acf38937bc5b4555f45158eedfe6370bbec14e7
recordings/S01D08/0707_192639_q05_t1.wav	41004	0a90fd378dbab5ebffe32341ceafd96e840eaf4b42d4e48ed232178ffe544d0f
recordings/S01D08/0707_192659_q06_t1.wav	54656	6ee46efd35bfc4aa8bc7de4b066cf23780b33cbbcfddc6df703b088440a0a8cf
recordings/S01D08/0707_192715_q07_t1.wav	35542	df60440c89c322318b098adb7454dd94d71adc13f1dfb7580efdbd8e1c48a4f7
recordings/S01D08/0707_192733_q08_t1.wav	43734	d3219e3ec3ba0b7538b8f85876afb285eacd39432ed6f388e3db07cedb3d83fd
recordings/S01D09/0708_190916_q01_t1.wav	43734	723f5ca23ce68d165226fd3ebf5c139bbf1ad293937d51afeb6b3d44f757d8ac
recordings/S01D09/0708_190935_q02_t1.wav	71040	3efbc21b452b4351a94f382e724d1a49564a10022c2e213a5cd05ff9405bf35f
recordings/S01D09/0708_190950_q03_t1.wav	54656	179e13d2b0e9865ca3e2e85bcf1ccbc66bd0e57b63b338d4c4f030349717cf6f
recordings/S01D09/0708_191041_q04_t1.wav	62848	d3e7ff28917df87c5549794c2c78add3f77a2ce3fbd1d0e6d48f835af7518aeb
recordings/S01D09/0708_191057_q05_t1.wav	68310	df77f32a77bd61715d0ea7cc0e7e0d914093c4ab396d87934198b0d6eb777677
recordings/S01D09/0708_191121_q06_t1.wav	92886	e5d19933df73ddb7bc3e3a8ade0f0480432e5f4e91fc5b98ecfecc9745d5fccf
recordings/S01D09/0708_191141_q07_t1.wav	71040	61521b46661f159afcaaba02c0ed7b4fe25144575cffbd0f26ceba79098de2ea
recordings/S01D09/0708_191200_q08_t1.wav	49196	29a9f4c5122b679cd6997a2920fc521f58ccfc8e30437d2543f248aa97c7f600
recordings/S01D09/0708_191224_q08_t2.wav	62848	4c050c9e8f17a12625fa96b2ddab15e6e8643bb9e22f8951166145de4b02c161
recordings/S01D10/0709_191406_q01_t1.wav	81964	3fe2e001a27a3371e0a9c81abb692ee5c09ae13832445353e19c3695fbdc8600
recordings/S01D10/0709_191427_q02_t1.wav	60118	735034651b9b05f539a42fa3534cc25878ac77e80b65ad98d9c5967976ecb2f4
recordings/S01D10/0709_191446_q03_t1.wav	51926	73f1328092242515e7f2c8fd68ce0faf03634fda737f83f07bdb37b340ee5665
recordings/S01D10/0709_191506_q04_t1.wav	73772	6d2c76267c60a4debab2349fc10f8b6118d2cf718deea43b047d05accd6394cc
recordings/S01D10/0709_191527_q05_t1.wav	62848	1f21d092db76802162f7d47d89de21755d361975bfaf1573576ec46d98e87858
recordings/S01D10/0709_191548_q06_t1.wav	73772	1f34ab671f1224dc87c12d4c36147bbf179bed92f3107a244a595efcd4fa7296
recordings/S01D10/0709_191618_q07_t1.wav	71040	860d7a2bf03fb40d55d193f624f0b5a0ebb4cb46d667f149fbdbf1db00910934
recordings/S01D10/0709_191645_q08_t1.wav	95616	bcda35d6b963b59aa7d23319df634547ba19ebdc22e956b8056bec3c7ac1a431
recordings/S01D11/0711_202424_q01_t1.wav	46464	83ecc8f80643b90815eb5007fc82cc2dd0addc7225e138c6254f7a751d0e4f37
recordings/S01D11/0711_202440_q02_t1.wav	46464	996ab1e9b21cfc0224899142d90582ad7678c49d6286856949cbf53a5b372c54
recordings/S01D11/0711_202510_q03_t1.wav	46464	ba380e33479ef911077d0a8e10ee1d18ef8d10744e021d7119b4a214be1ea117
recordings/S01D11/0711_202534_q04_t1.wav	46464	393fb80a40f5debb1c95d38fabc5b53731411bf318d74592e19e347d3bc7fb2b
recordings/S01D11/0711_202557_q05_t1.wav	43734	990fbc59b98831954e642c51c7467f9d2bcd097e970dbd16a048ef6e77e702e0
recordings/S01D11/0711_202713_q05_t2.wav	71040	f994bcaeadd6bd23d1166cd4574372bc0b41ffdea5d28b37b66ce4cd6ad9af1a
recordings/S01D11/0711_202736_q06_t1.wav	60118	b793cf3fe2ad909d2ef475621e2f8e30334adfc56ee34f9bbcd910d511d375cb
recordings/S01D11/0711_202757_q07_t1.wav	51926	c8394a150500179f1715208ec9a5174ea95c1db8f8ae7ef1720610fcd1c5a022
recordings/S01D11/0711_202833_q08_t1.wav	49196	e5747be7f2e03bdc38759225ce86deefb49ec6693731292b0557f72061fe2699
recordings/S01D12/0712_185626_q01_t1.wav	68310	5cedf05234eb97a306aeab6ab0575ab297a5b3003b973dd85961a0abbae78ba2
recordings/S01D12/0712_185644_q02_t1.wav	71040	6afae8c309432b7a592b141263247a3f2e25c6a882499f0dfaaf8716724bb4fe
recordings/S01D12/0712_185703_q03_t1.wav	46464	0e3668217656b044fd67302136804f31dd810fbc6f2860c1335e465b996086a2
recordings/S01D12/0712_185725_q04_t1.wav	71040	3c31134a649f4a939914f198e001d48c03147c68c34ca0d9e7122155e9c69605
recordings/S01D12/0712_185743_q05_t1.wav	46464	365d2465fc01545ff37c9a07c43b6e7eb8d91da3d35150fa2516e4ff12b122f6
recordings/S01D12/0712_185800_q06_t1.wav	46464	79dab7eaa752e413902f34c0996f750dc38dd96b062f83a85c01f366c79b2609
recordings/S01D12/0712_185842_q07_t1.wav	158422	425a2ee8410fbba14ec8c26acde366351d7d9c64e3dfcfb05eddb28c892b4093
recordings/S01D12/0712_185902_q08_t1.wav	71040	5785e90f4cca967b02bcd4e32e5e074b66653b6377d37fd67145231b1505a4f9
recordings/S01D13/0715_201037_q01_t1.wav	62848	9b8affb36bc9526f5b6dd5204d2800fd118f970188f7aac314084b9f492d5992
recordings/S01D13/0715_201055_q02_t1.wav	54656	7028766e07a4888bb09da252592743a6e6b0f96d32f8ab03e7aeec687e8833e4
recordings/S01D13/0715_201114_q03_t1.wav	49196	7b58d29fdd4623fc8a3c86ef96c3c03d16c924576728c09d38124e92bd7e9fe4
recordings/S01D13/0715_201131_q04_t1.wav	43734	111242bd6a4c3d36d455dd45087e1a62608fc77e059ced3ec193af67b42a5807
recordings/S01D13/0715_201150_q05_t1.wav	49196	3264f76fd28aa3f9b7f23437b017b01f3f5684584b55874470098ba0ea85a56a
recordings/S01D13/0715_201206_q06_t1.wav	49196	5bff6f1a501723818c555f5288087db3c3546f1b03f371060deb94ae333edd9d
recordings/S01D13/0715_201231_q07_t1.wav	54656	09e14ecfe2c2520fa73fdcde257d806cc46227dc6e894d37b3e717a810a116a3
recordings/S01D13/0715_201251_q08_t1.wav	60118	4d5a469834dcfc3511df3c07e41b776701a4129467987f45392b9a70d45cea23
recordings/S01D14/0716_184640_q01_t1.wav	46464	da225f56b4b3220f901af9142dfa2dad42897b4dde3d7952f4e2b59929e5b4b8
recordings/S01D14/0716_184656_q02_t1.wav	43734	87f892976c9e67e50e6a4f16e4a031f089f606b154129eacd95291aa76d89a3f
recordings/S01D14/0716_184715_q03_t1.wav	62848	d85a4501a8b1b83c13a4312960e4e21786faacde6b5fa3ef5de2599fac82f2a6
recordings/S01D14/0716_184745_q04_t1.wav	65580	363b9b1cc3faa5995283713a92fc7ae18d681a93c0d9482854c495fa656b4790
recordings/S01D14/0716_184805_q05_t1.wav	76502	1eeb06ac339965a054cdcced85060ae4fd36e5e9f84ae2acc4e3ddd97c7bb448
recordings/S01D14/0716_184823_q06_t1.wav	49196	ccd83b10f61b4bd6b3e00509af03c22c8ca2ee0c481d1f0a1a56e5267c56639a
recordings/S01D14/0716_184845_q07_t1.wav	65580	9ca604d4c44f553f553634cb5c5688833225cf97b5fdd5c9874f54fad47374f7
recordings/S01D14/0716_184911_q08_t1.wav	49196	aa29be092d8adbca645618c11edf2e39baa6063a958b9a46576cc275dfc77e6d
recordings/S01D15/0717_195532_q01_t1.wav	49196	336407180eb3907a638f93d19cee31ec7c0db8621bcb8b001f240c073b041f56
recordings/S01D15/0717_195550_q02_t1.wav	84694	f7c0aeb6cf5d7d5e182341a5a8c8170ee2cba7ec3d050938d688c43cfacbb4e0
recordings/S01D15/0717_195609_q03_t1.wav	60118	e03584b0d90b69282f43b91342592658e5ef52bcfc4dec6009b86c463a0149d9
recordings/S01D15/0717_195627_q04_t1.wav	71040	5f386e5edf25d1c2a24134b9750b3c2e54b7df4d47437741eadc98c9202a86f2
recordings/S01D15/0717_195645_q05_t1.wav	76502	c1fb560f09050c77d87f82b72c916b2d59c49169479aef538d975f61830719c1
recordings/S01D15/0717_195702_q06_t1.wav	60118	aaceb8b5ade4ff70ca23a91ba276ba0de9d26c83179f8d3224b61fc798e3b5a1
recordings/S01D15/0717_195720_q07_t1.wav	62848	429524056c3fbc94be63e45fde6c0dee99601450c08ea56dd06d601f4bfec2d3
recordings/S01D15/0717_195742_q08_t1.wav	60118	ba828ed4ae2b0dc1208b34c64c31c64dcc42a502fbff170d3f03be95d452ce1c
recordings/S01D16/0719_202740_q01_t1.wav	62848	e2bc6217648fa6733405f3c5a20c4596dd28f5656f5a882648d4a51652553a5b
recordings/S01D16/0719_202758_q02_t1.wav	60118	a4c2fda98d5fabdd2e5a3dd9259db9ed066bbb2f6d53bf5dabfaa8933d24af65
recordings/S01D16/0719_202818_q03_t1.wav	68310	2cf9b3dc25915d622adcfad9c1edd382722e46736fc0ff673718b831fd1d7cbe
recordings/S01D16/0719_202841_q04_t1.wav	73772	1cae036e4a340e4ebe1ace42cc15fb45edaaf27a35f97a3f4ce4ec9469fe42d2
recordings/S01D16/0719_202911_q05_t1.wav	60118	cff144cc9d5401a7571dcd63240987f3634fd628238f34399c1eea99d1c70684
recordings/S01D16/0719_202943_q06_t1.wav	62848	eeefcec00fb123223e8e7c493dacc369d5f60cbef35374c1a079932712c56f76
recordings/S01D16/0719_203031_q07_t1.wav	71040	3b83094db0e981be79f32395922e3927b4a7ab3bbb07d984001ffe29b67cdb79
recordings/S01D16/0719_203122_q08_t1.wav	57388	6568b20cec74451d36ce01a3f0b2842d256e0a2402d0c015dcef0d32ded3276d
recordings/S01D17/0724_194832_q01_t1.wav	65580	22a045be3017248f6394f38faffaca09ed232d8adffa5acadac6e245617f82c6
recordings/S01D17/0724_194851_q02_t1.wav	49196	a156b7b964edfccda3e01d9afefbf90d74864f0c8a2a6bf3c12da3be79000444
recordings/S01D17/0724_194905_q03_t1.wav	49196	ee58ac1017e3e622767fd8064ab4930da8da6679dbe8b28a9e2599a2f9fc156d
recordings/S01D17/0724_194922_q04_t1.wav	71040	3369a4a65dc8f94c14a3dafe8c60d6ed62b84733641b96edafd7c923b4bcbe93
recordings/S01D17/0724_194948_q05_t1.wav	103808	0b029992b54f00dce92ba75fdcba117233276d74588fcbc21f0933ee8b371c7f
recordings/S01D17/0724_195010_q06_t1.wav	103808	7bd3279dbb32863f1f8f5b4d7ac3ed9c597375b40b527ddb06d7d91a472bc3d0
recordings/S01D17/0724_195029_q07_t1.wav	43734	e9930b6adf909919555939b68a1ade3eda091304967573a4812cc7bc22d97162
recordings/S01D17/0724_195044_q08_t1.wav	46464	03d75cba4a08ede3cbe1f631a09ce4f6be1a6019519dbe00596e54e4fba0d3ba
recordings/S01D18/0724_195125_q01_t1.wav	147500	17a6577915f3eb8845b173bf4d07d66fd969fe1e9c740104d74f26f7e631b266
recordings/S01D18/0724_195139_q02_t1.wav	46464	918738043acff1c63862d5e828c6c910c05de745938c5acb4200f496fc1f5882
recordings/S01D18/0724_195156_q03_t1.wav	87424	bc27445da6eb8573f1273e5dcb7f3a7eb14cc294d87196fc0e67bee2e2f9e090
recordings/S01D18/0724_195216_q04_t1.wav	84694	470c637a91a7d4ca2ae3cf965d3afb0118266ed1805f05a5f25d5797f49550d7
recordings/S01D18/0724_195234_q05_t1.wav	92886	6004fb1514d4ef3509e15e4fa99698b57bfa3d45ce6e86b837767839005f91c1
recordings/S01D18/0724_195300_q06_t1.wav	103808	6d6a3d0ddb21c0731b180850c16044ec14646981a435f55afd23a6afb6216092
recordings/S01D18/0724_195320_q07_t1.wav	90156	52afdeed8827faf1b11f96464f9f8d80d421949929b6f420c1dd0462b9fbc56e
recordings/S01D18/0724_195346_q08_t1.wav	103808	05e549a0c7be29f267f234e281f5fe694300e0f1209e89a0962958b3553e4230
recordings/S01D18/0724_195541_q01_t1.wav	109270	b792c1598c88e0a58ae23df17167c334841fc97871ffe94520df41ea7130c7b1
recordings/S01D18/0724_195557_q02_t1.wav	49196	3a6c63b8ff9cbbc9d33e5011504d8df6f119e7b13f18e8693bccc473774a1aa6
recordings/S01D18/0724_195613_q03_t1.wav	73772	1bfded3096fc8ce4d0b099541f20b59501930df2d83d52bdfeb305490cde807f
recordings/S01D18/0724_195631_q04_t1.wav	71040	660fe5bd100e08dcf5f11eeeff70216ed13d18c808d4c6343844ee97e9a75793
recordings/S01D18/0724_195649_q05_t1.wav	84694	f762e459bb136030dca319dd65b32e519b3cf12225d2e32bfdde360d9cae1b83
recordings/S01D18/0724_195707_q06_t1.wav	106540	e367ce81ddcd1acc7b83e34d2b41c56c22205c900e53e41d3c52867361bda3c9
recordings/S01D18/0724_195733_q07_t1.wav	57388	f4317d79c2aa1ce484f80ec10474751906f6a8624260516699272a47fce4b98c
recordings/S01D18/0724_195757_q08_t1.wav	117462	4bf48782341d3bf849008c2828b92ab9cbc4ca388069068c58c149e8c7b31a05
recordings/S01D19/0725_220054_q01_t1.wav	98348	9464c613ef7d3ec04f06cc24d533bfa93b165b647daab192ecee67b50f45b4e3
recordings/S01D19/0725_220111_q02_t1.wav	41004	4c29058c00ac64d12dd9b676146be06bd1e02d787e772fd620d00878b3f88eee
recordings/S01D19/0725_220135_q03_t1.wav	65580	aa78e4c0dbecb4e37657dd74882bc9190899519b1039edf65fe8df26076e106c
recordings/S01D19/0725_220158_q04_t1.wav	90156	4ae7a8b1a5999a7fbfbedc96ac3f8c72acf15f5074193bf32aa43507d7cd33fa
recordings/S01D19/0725_220219_q05_t1.wav	65580	bdc30bd568b80d8bf0f3ee57b4fc8e5fae341feb553a98c9a2dbca6066e0b7ef
recordings/S01D19/0725_220240_q06_t1.wav	81964	e09478d135718ee7b8a199047ad1db1f6600513822cef95e4517dead1d3fa047
recordings/S01D19/0725_220258_q07_t1.wav	41004	a8c2de669a36ae741703d81d6a0eb71a38bfdf641f253bc7a1982763bb39b007
recordings/S01D19/0725_220341_q08_t1.wav	57388	683585ab662818ffc42b16bb3ce69e1ed49c3a2b933cab28133c4f78fbe7f181
recordings/S01D20/0725_220422_q01_t1.wav	49196	2656ed37b0f748c02d3c57e2e2c19ddc645f2a7c08de8285a3b5a21c5ad9c8a6
recordings/S01D20/0725_220452_q02_t1.wav	71040	b98028edfa85b2d9ae4d68e463ecacb6751f67a4c46e3696e4878814f2a7109a
recordings/S01D20/0725_220513_q03_t1.wav	81964	12f3961ba56bc96e49dfd6ced3fd2020a390a07bf06ae36a2d8da13c094a183a
recordings/S01D20/0725_220545_q04_t1.wav	128384	3ac94273189ec0ff1c086a5cdf1790abb799af71ce56421c47433d0ba6c54757
recordings/S01D20/0725_220623_q05_t1.wav	87424	f163b6f7e8f690743d43b83ede6917ba5daaeb2cc63f100bb281a5b41b51709f
recordings/S01D20/0725_220646_q06_t1.wav	49196	206c83eb2e23def2a3f8a0ce6241f60f36bdbeeede3000ebabcb68cac62d5640
recordings/S01D20/0725_220712_q07_t1.wav	87424	1407d346a8462e361dba3ed4398cb42fdd174f3e114e42b00871eb8028b51270
recordings/S01D20/0725_220730_q08_t1.wav	46464	36392636b66209f6771cd6a6a5c7f6083835f89c208151277352a9ef772fe68d
recordings/S01D21/0726_210855_q01_t1.wav	65580	0cdad29c39f815897382f2a761e56da5330442edff4a670599e0357b814ce109
recordings/S01D21/0726_210944_q02_t1.wav	71040	47668de53116a43df6aef9addd8d08d5498913bb7818e8945588a2f6206fee72
recordings/S01D21/0726_211013_q03_t1.wav	60118	64350867e2271dde3017d68fde4a5f436663dde74fcf8bc945e38844c6290267
recordings/S01D21/0726_211040_q04_t1.wav	73772	f5c54f1d091195c03c492995a2e6febbfc946ec047899fddc79f8ac51b530cb6
recordings/S01D21/0726_211119_q05_t1.wav	114732	4ca0d93c00ef2e002eb4b8d56ca7064c46ae725486ab0656f5868748370165b4
recordings/S01D21/0726_211140_q06_t1.wav	60118	90d50ead566078b051ba323e48d392ee7ebec89bac87677e28a96054343ed055
recordings/S01D21/0726_211201_q07_t1.wav	92886	2dc297ce2da14a3dced730d39d3812ace4ae7db596d7b74a136f3c17b3afdcdb
recordings/S01D21/0726_211325_q08_t1.wav	185728	e06b4f2035c023d1027b65fa1ad7506521906f8a3fd21a333572ecf29c83a3da
recordings/S01D22/0727_191530_q01_t1.wav	71040	949216872bc5831663746d8ee7a0d9f785199926746c429cb9080d9b9b05a401
recordings/S01D22/0727_191551_q02_t1.wav	46464	4331207ce6f3f76419a5331d908f2ef65992a3f10b2adc4e6b2c942d57fa5923
recordings/S01D22/0727_191610_q03_t1.wav	54656	920acda563c9c76508b618216c0d2d13aeaf99654c8981b978708ad15f2e6a5f
recordings/S01D22/0727_191631_q03_t2.wav	84694	909b8e8dc008ef90c73895ca646732d175701dd1573cb50cec141c7079aedab8
recordings/S01D22/0727_191707_q04_t1.wav	51926	89c653fd9b39ff2710e16fd0db000bcbf567fd38ffd6a33c400e14744e469a48
recordings/S01D22/0727_191725_q05_t1.wav	38272	043bf7ba158a648c71271a420407add470b710704256d686e50756e2e7f7e097
recordings/S01D22/0727_191743_q06_t1.wav	49196	b68093e3144933a8d8df269d57767208c14e670c5776f5513e333de9decdf476
recordings/S01D22/0727_191801_q07_t1.wav	68310	7f7bf0cf398ce18f3a480aec54d640794ee66647affc46dd552b5bf2dde20fce
recordings/S01D22/0727_191959_q08_t1.wav	60118	e07a4c5ab49f72e13f3e412354eef1c13d6934ed3f51c3218835701bcdfd67a2
recordings/S01D22/0727_192101_q08_t2.wav	57388	6f4f016fed23c1bed685c18a3e84a5ad08b920ca9458e99e9c26d1da7f7e8fe4
recordings/S01D23/0729_191754_q01_t1.wav	103808	e0282cf056a37341e2b49d19e7a380432fe00ee8b9683f1990f95d1ac6b269e4
recordings/S01D23/0729_191821_q02_t1.wav	62848	6bf96119a9a54c8763b6457dabd437d28abe86801a5b9e7d756553da3b19ae95
recordings/S01D23/0729_191838_q03_t1.wav	51926	6c8955a28010bb98b4669974bdd86100615552587b55712a60401697aa8795ca
recordings/S01D23/0729_191855_q04_t1.wav	51926	91937a3a90ce2473241aacf6f6b5e6b8c4c4bb5ef1967a523323529e6d2e2aa9
recordings/S01D23/0729_191913_q05_t1.wav	79232	febe76f954f8fe343e1aacdb3fccf26c7d634676002f619d79fb522f575dcf16
recordings/S01D23/0729_191932_q06_t1.wav	43734	0ac535ed35670d24a36ce9dde93a28affb7ade7321e79c4ec07f2e644ff6642a
recordings/S01D23/0729_191954_q07_t1.wav	68310	aa0517f7130609278aef6c73ac706212e177009a5a60dc2325776df8a0dfcf8e
recordings/S01D23/0729_192014_q08_t1.wav	62848	53d4747841b107b8732961e1cc1a1cc01081a42c37b0652aa14ade02a31a388f
recordings/S01D24/0730_195440_q01_t1.wav	62848	01edb66fa3f349fa07f5c9c25cebbc53ddb92fda510a897eeb506185e7748e6a
recordings/S01D24/0730_195502_q02_t1.wav	46464	f7345a6f810afcd36f9c46269df4a117625ca992514bb17029f81a6f2cc2d784
recordings/S01D24/0730_195522_q03_t1.wav	71040	b8b4fb57af3aa518d34c1996c91edd5c04712ad73cec5cb8668dd5194676126b
recordings/S01D24/0730_195540_q04_t1.wav	62848	851c1fa05bbaaa3e33e7bfc0ba52b81649ec2ed4a7e40d1975698d8ee55dbc7a
recordings/S01D24/0730_195610_q05_t1.wav	131116	8a1e6ab4408b56da4d814fd59b198e0d8b90769b7080d4bd4308e0ab8e6be7b3
recordings/S01D24/0730_195636_q06_t1.wav	90156	29711594ddb8eb6d33dbef51b8f6d3d785a5cd1ac105ca3c7e29e40ce458abbd
recordings/S01D24/0730_195652_q07_t1.wav	46464	945ecdb78213c00641d72d0d2a9c722d981e90e3f3988b319bba1887aa1f282d
recordings/S01D24/0730_195732_q07_t2.wav	49196	5ce024d8401e75e507eabbef618e83181a0cc0279c4a65defd5e6ee673d08fe4
recordings/S01D24/0730_195752_q08_t1.wav	51926	9438ef63651e49a20fa9041734d1285443c798ed59d5de1fac216dea72f2be2e
recordings/S01D25/0731_205206_q01_t1.wav	60118	92581e7a4f25da80a47cc97ddbff90ed772c324bd31760e38707435eda232071
recordings/S01D25/0731_205224_q02_t1.wav	57388	cac9d47c1c627986a9cb799f3559e2462a5b6ee668fd275bb804033285309b65
recordings/S01D25/0731_205242_q03_t1.wav	71040	3d455dbbf97c1191695a78fae4a30b539caf8bb1603a786fc6dd2c4b223d74f7
recordings/S01D25/0731_205300_q04_t1.wav	65580	d9dc23ed5e4e1dca2b203b9dd1433556182cb2b921ccc339ed243bff04a4994c
recordings/S01D25/0731_205323_q05_t1.wav	57388	5dbd4ded1ef73dca70450ed0a7c41ef91c0792487e012b1fac43247436989f70
recordings/S01D25/0731_205428_q06_t1.wav	142038	37e6ad21a01e19ca17c2def98573ccaee4ec66887931c18e5a3c7b75700e90cf
recordings/S01D25/0731_205448_q07_t1.wav	90156	5d73955c0ce374ad249839845acc7577762be91df54982c68bc76e1a043c53c1
recordings/S01D25/0731_205516_q08_t1.wav	73772	f51865e14b002400b0c018c46d137173a59be2cfa890090d4dc2a7038fee9bd6
recordings/S01D26/0801_201207_q01_t1.wav	54656	606c919b079134cabe715f75cc7dbde5c75d74fabb17c11596c203b8a4ff01b1
recordings/S01D26/0801_201243_q02_t1.wav	62848	ba13f593a0f204af2c560db0dba3a8922d024fe249dbbda6aa6c66694637ee76
recordings/S01D26/0801_201301_q03_t1.wav	60118	ab1d03350ecccb4a509f901554bfb3e69d4e5bcd2d0d788680b17b8062327461
recordings/S01D26/0801_201327_q04_t1.wav	71040	c9f149f241b955abef8acae5ae10a6d9722b8182535ae82383cfbffc8f61c20b
recordings/S01D26/0801_201350_q05_t1.wav	76502	b3e8dc6c75adcb513cf0b25d79f492b41e3b2f299e429ba6f4a91a2722243068
recordings/S01D26/0801_201407_q06_t1.wav	73772	41a066e70d0cb7564e2f437f6dafc16e23397397a859b1f853d3d864680ca500
recordings/S01D26/0801_201432_q07_t1.wav	76502	9f493e8f40824c6afed9784b746f5ec0e50f94c2c544d87f20d9930990900cb7
recordings/S01D26/0801_201604_q07_t2.wav	90156	c10cb36a1ec3b0be2a990f8ce028465c52b24ec480dbe9f237f55549936603d5
recordings/S01D26/0801_201650_q08_t1.wav	125654	a9b063fcd3e566ebf54658dd78961762b85a3a8567471d5af44f1675750041a6
recordings/S01D27/0802_210337_q01_t1.wav	62848	b6a5335461573bd944bd0fa9c8131bc5b26873b1ca95676fc50cf485439b2984
recordings/S01D27/0802_210358_q02_t1.wav	57388	1089301ef74d0f3f470d76ebbc4dc65d34b3612b6281c0b4139afdc710f485ae
recordings/S01D27/0802_210431_q03_t1.wav	71040	9f5df0e58328392a6b0277ad7484502133410f69832918bbe23f23dddeae901b
recordings/S01D27/0802_210551_q01_t1.wav	46464	cd22cf7d4df7af7b97d55b9cf5b568ab5bc3f898d3db1e37e3f3b38892cffd90
recordings/S01D27/0802_210610_q02_t1.wav	57388	77944fcac950ae419f4881abac80d939ddb5fe2f65a9af9a99361e7e2dd18033
recordings/S01D27/0802_210633_q03_t1.wav	71040	3ec71fa8cc46e046f56c8a32a4489382e9a9bc2d928c4562c21951fd18d601bd
recordings/S01D27/0802_210657_q04_t1.wav	68310	5b4ddc3c2a35e53596efcb026ca48b2a8a77c1510e16e65b8c567cbeecaa17fb
recordings/S01D27/0802_210718_q05_t1.wav	65580	64e6476f0a2db97d08eb8bfe1affe3aa3bb6061f3ab61806f877a43ff5966fc5
recordings/S01D27/0802_210740_q06_t1.wav	54656	067ef97da8f6f89ec78230b9b96ec856ae328cf1b401db76cbb27a142173c2d4
recordings/S01D27/0802_210850_q07_t1.wav	182998	8612e41e572e645606377f243db8909d5612f6d39f912881709d1cc9abc855ab
recordings/S01D27/0802_210952_q08_t1.wav	155692	a849760e9b0c63a2edf5e6e1ffdd6457d7bd8f4c1b5b01d376d104e4fa64b1b6
recordings/S01D28/0803_195834_q01_t1.wav	62848	1511ee9daa00246b8d20a7de0c1c582c8f93ebd58969d75adffb73efc9bcc28a
recordings/S01D28/0803_195858_q02_t1.wav	71040	6a45973a66928c59d975de45b9b0162007dea79218efb712d740f742642f497a
recordings/S01D28/0803_195916_q03_t1.wav	71040	13471429ea247baf859e83f5e308531e8b067beb1d4a0c4e1d0eb61a94d0ca16
recordings/S01D28/0803_195931_q04_t1.wav	51926	a6a47e1ae50b3097c1beb57c825efdb917faaae9740dcba9e77d02e6e0b2567d
recordings/S01D28/0803_200019_q05_t1.wav	128384	da7c39e96ced9747d8cad49368ca83722cd01d218d26222ace3edbdf101f7aca
recordings/S01D28/0803_200043_q06_t1.wav	62848	b94e11e71e33306bab48c0c1baaf5082147b089e92dd97519e8d13bde363cf4e
recordings/S01D28/0803_200212_q07_t1.wav	79232	a4a8b089ef2ddb7f867fed624667edbbb417a8a16337179b64445c68907d07b6
recordings/S01D28/0803_200238_q08_t1.wav	54656	e5f6cd2d5ae8071f53e180c2dcf5093063530015c897aa7ee18edd6218569b21
recordings/S01D29/0804_164123_q01_t1.wav	54656	d32827496dd6cb3e5a269756d312bd9b47fdb9cce32350f74df30492af15a5c9
recordings/S01D29/0804_164201_q02_t1.wav	76502	2a01de2855b5cd88e5a92a70c92e1abb95cc90a6dd238c9d0d0efdc5b874d59c
recordings/S01D29/0804_164231_q03_t1.wav	120192	001f7172ea935a5abae92120dbc234e3fcbc468513fd6562656b2b32bcbe0c0e
recordings/S01D29/0804_164258_q04_t1.wav	87424	fc3257526f413c2b06f9ef91eccb33ec7db7719baafebad639e4b7df9f8963b7
recordings/S01D29/0804_164331_q05_t1.wav	109270	ee5c4ff42d9a48aab196d8936a9a20762306e29ae962f9f7aab9fe8733aceda3
recordings/S01D29/0804_164400_q06_t1.wav	92886	f5488903f47454dde83d4a908697fe97aed34b7bb9d3035ea3b4feb8847e294c
recordings/S01D29/0804_164546_q07_t1.wav	84694	3481953f8cf58bff0b431a7a3f05a7a52677ac0bd6c9598e0848276047daf11d
recordings/S01D29/0804_164701_q08_t1.wav	109270	737257792d06426a528e70f2dcdc24a74596915938a85a5bd1aae1ad9be3aadc
recordings/S01D30/0805_212953_q01_t1.wav	57388	015c07fc28925eccdc58b97eda1009e8aca23fb4476ab75cbdbe2c934c786ff8
recordings/S01D30/0805_213025_q02_t1.wav	87424	aae5832337383fb61b6462f2309dcf0e97cb92c1a4da00405093b44893937d12
recordings/S01D30/0805_213052_q03_t1.wav	62848	eda9f8425694ca3a46d3e5e71e99d6b612eb8510a8dbeba3695d3e34e43e2fb9
recordings/S01D30/0805_213140_q04_t1.wav	142038	a3de63cc27b814b2ffac28545023b0adc5933709b35bc2086a877bd09f94afcd
recordings/S01D30/0805_213212_q05_t1.wav	81964	d2cfe527aafe25c12d5ddcbe1e9aba0bb2556e0408e45c293ff4f1a2b7a1804c
recordings/S01D30/0805_213234_q06_t1.wav	65580	0c7a24c42161c7ef7d7291d222929d4bf41e650db2b4d2f0ccd9a8754c2762ff
recordings/S01D30/0805_213255_q07_t1.wav	128384	a6d4c2942f2ac61298ab7d1809a120710fe27be0797f35518d0eea1c161e0717
recordings/S01D30/0805_213318_q08_t1.wav	57388	bb29f616a7f555e5e1c378776a9d9252b89b2bf0b90845b3ba56237b70e64e25
recordings/S01D31/0806_191442_q01_t1.wav	57388	d040190793b4c13a9503a1b01efb3ff6fe9344f13dedb32940586d10e29e9fa9
recordings/S01D31/0806_191512_q02_t1.wav	92886	87fb770b9217904b64db2b5bc7aec86bb903ae4e2acdc0aaafac5ef3ef144035
recordings/S01D31/0806_191542_q03_t1.wav	79232	0c35f8ec16e8ff3319cbe18bfc0c91f1f6ec830aa291fed1808d102c237efd4f
recordings/S01D31/0806_191600_q04_t1.wav	51926	7ba1591ff1f5b163b00de9535fc44933909eded744dd3fee05d5bb6ee45cc935
recordings/S01D31/0806_191633_q05_t1.wav	90156	705cd2b21e718d5d91cdf2e7f680d5f318128dfba0880ce65b7bac09ac0cd0f0
recordings/S01D31/0806_191712_q06_t1.wav	136576	c7fa3c49eebbaba58bad008bd3e8abd7a00dfcc7d86324572a563bd8095b8ff5
recordings/S01D31/0806_191737_q07_t1.wav	60118	2be24ac619600698def439cac2cc18fbc4d91f0cd6c928281e4cf47e56c22739
recordings/S01D31/0806_191807_q08_t1.wav	90156	7afc9eece4ae5c3dfca592d547266b99b4d4f0aa4fc1fd98b380a73eac613664
recordings/S01D32/0807_181629_q01_t1.wav	76502	7028c7209ef85916f479f2764eff92b4d8558a8e9a78a406a3386dd63459b90b
recordings/S01D32/0807_181648_q02_t1.wav	73772	9ecb001c1099435f9178be28f35d1873fc78956f90029fe92f003acbbf3a7868
recordings/S01D32/0807_181706_q03_t1.wav	81964	c20a3647f811cbac8d4968a212f1f5be01b0dd2abab4418f8690bc043c29f322
recordings/S01D32/0807_181722_q04_t1.wav	54656	fe310bb7138e599cb22dbd679b734a8ab072392bf7d7435202bc442fffe4c2e5
recordings/S01D32/0807_181742_q05_t1.wav	73772	66edc4d277ca347b041cd6ffd7c6cca5baf2d5a38cee729a6519656229872d8a
recordings/S01D32/0807_181917_q06_t1.wav	95616	0051305cd2593611d107d26b899f75dcd49e87c17191d3f76e7dd52bc3ba5813
recordings/S01D32/0807_181954_q07_t1.wav	125654	aaa9dc4f25275c327b919d3a1480d4681fc0e52c0a99a745379225ff0b6ba328
recordings/S01D32/0807_182059_q07_t2.wav	76502	5636125e1cde46013ab10cb2cb0e5b2520383ede9036ba8f8e5c56b2daf558de
recordings/S01D32/0807_182255_q08_t1.wav	90156	06d7d062b8c7cc4c19859f49844d6910f4d30a29ba0d67c2daed7d5084485c69
recordings/S01D33/0808_213511_q01_t1.wav	87424	39abbd2dfbb624853fae7baa30b5cc08f7ed09a0e7bfe671cd08bb50dd2b79ef
recordings/S01D33/0808_213545_q02_t1.wav	131116	5511de6fb1ec890a50f38a30acf9ad2576133db458c31ad7d1623e39608a1749
recordings/S01D33/0808_213621_q03_t1.wav	51926	d4675f22f8bed0e7080b9f5cf859877b52955b3c42449f0e11c757a43d556895
recordings/S01D33/0808_213644_q04_t1.wav	73772	cc928a63c875f443eec60add2c71be0201330782fad00392e63b9922fe2bbb57
recordings/S01D33/0808_213712_q05_t1.wav	98348	ef4f858994e592c45900c8568dee05100f743e022ef6adc04820d1c7abe8b9f6
recordings/S01D33/0808_213732_q06_t1.wav	68310	da65b45e34866d011210da44c20fee385aaefd946e77ea98843c2df4cb504b4d
recordings/S01D33/0808_213902_q07_t1.wav	117462	d442efe7c6b00bdbdf9d3d707fb55a08f9ff00eb73c0bf5b06ffbff473677687
recordings/S01D33/0808_214006_q08_t1.wav	71040	abeaf1a43ad0b039291396b1b880925175aeb3620541a1a1d5d438c0239e2983
recordings/S01D34/0809_194453_q01_t1.wav	114732	3bff5766c15d99c0c228dbd1d83700a6381272eaa7c17ca560c36ca0e35de7a9
recordings/S01D34/0809_194512_q02_t1.wav	49196	015e1600f93035b027b2655836ded982af9738f4c7672eb84220b2837dfd2ebe
recordings/S01D34/0809_194533_q03_t1.wav	76502	3833c7503889aaa655b522d1059c887b5a67065e3e84737767814aa862ec860d
recordings/S01D34/0809_194553_q04_t1.wav	57388	dd699437954ffcd382e7eb1f896ba859161901f2a0d46ee9d43e0233ef6d42aa
recordings/S01D34/0809_194614_q05_t1.wav	81964	a358af7388feb894c14522360831bbe0e848cc18dcc1988a3138088f828f28ac
recordings/S01D34/0809_194632_q06_t1.wav	95616	0881e561149018fe8d25cd775300f1cc4c88daff9cc7f73e024b53fd5eec3c56
recordings/S01D34/0809_194653_q07_t1.wav	68310	55ec823f542b9ae599cc6a5dbc58db6e8bdf264649dc6c66c4ab89ceea2feb2a
recordings/S01D34/0809_194715_q08_t1.wav	71040	16be7e6eb849d755f1a7123a46874a23f4e2bf64cd2bdb486a5f0f501e52c359
recordings/S01D35/0811_102005_q01_t1.wav	57388	7ec52bf11723317798e3ad20f4677d7a2a3d231c6ee3503aa03d667f85f1df28
recordings/S01D35/0811_102026_q02_t1.wav	98348	c81cb25c339fe31960460cfe223f3649c4e55abbcc7f41b2f9300e16f5f96f1e
recordings/S01D35/0811_102045_q03_t1.wav	68310	1b52975c070583b40bb3134d8de51a4843d14bff58a878090b454366b42bbbff
recordings/S01D35/0811_102114_q04_t1.wav	125654	87ce6c8b7eee17b5b20cd257a6f8aad303182e143f0e516e047d06497b8d38de
recordings/S01D35/0811_102141_q05_t1.wav	101078	73978d9ae0c6fcf521058743ed33692444caa3585eee154577a6239fa540f274
recordings/S01D35/0811_102202_q06_t1.wav	103808	db0570360213f0e704d7fdffaaf5e5a38cef7132da32d87da3e331a84319f670
recordings/S01D35/0811_102655_q01_t1.wav	51926	053be45129cc71a663fa8159c7b439ce55d3a8f69432d211d16bd85468686156
recordings/S01D35/0811_102712_q02_t1.wav	79232	bd293694e554a7e27d6fa9d1f1513eb9ab12b5529a6bf9d13ae054c901c0fdb6
recordings/S01D35/0811_102728_q03_t1.wav	65580	660b851e710c1ffdd0b4dc0f3967aed96c8ecebfb001966355f8fd74c49745ed
recordings/S01D35/0811_102749_q04_t1.wav	122924	df386cfe79596d680612bc5e6f9004623bdb67a1317915f6b0357b2dd6165b40
recordings/S01D35/0811_102811_q05_t1.wav	112000	d4a2cb23c1f7f7ff4745a5a62314e27c7ecf1f34b56a450e421dc9c0f8ddff80
recordings/S01D35/0811_102830_q06_t1.wav	79232	31f9545bbcaeba50556a6316d39fee23913c52b9c95a67ead25e9c61db86db13
recordings/S01D35/0811_102902_q07_t1.wav	136576	760a8cd83372417098477825929f598fdff63b31412022adc1b9a7e0eea9c410
recordings/S01D35/0811_102948_q07_t2.wav	142038	eebb07629a11aff2cedb1169236b7ae984c5e2f5c340567ab4a277d78d9a0a74
recordings/S01D35/0811_103011_q07_t3.wav	114732	70b643edf3dcd916bb0ffbdf10918fea17f3ea5062f089d8a795517ea93fed95
recordings/S01D35/0811_103042_q08_t1.wav	98348	7f36c20dad9d95f8ada9fae5c91653e9aac2b9861f030f5d31c4a34d3d06cab0
recordings/S01D36/0812_101659_q01_t1.wav	51926	80c12e99d07bf8febba7c6b833e8c6137eebf497685a654840afe65a3b579e90
recordings/S01D36/0812_101750_q02_t1.wav	169344	298956f4df9dd022bf9549177407b7a249aee7df96ca0ac48a5b2905324e7725
recordings/S01D36/0812_101844_q02_t2.wav	155692	2888f00b99b167610aefdb309d82100a2785786e72af2eb72de373a4ed8f0208
recordings/S01D36/0812_101908_q03_t1.wav	109270	80ac68423a8ff03d03dddce2737865f7e5fc7c72cba10fa3904368630109ceb7
recordings/S01D36/0812_101930_q04_t1.wav	98348	af37761c98ed9445a9cde6d6977923890914e97763b95fd794771ec17fc938bd
recordings/S01D36/0812_101945_q05_t1.wav	43734	e708353542c1ea085036033f4b6ac163074dbe21f3825e66a619d98481f3e77f
recordings/S01D36/0812_102012_q06_t1.wav	68310	2ac798af70c2c26f82ce8ebb790f7b8b80773e368dfc0a04673270f354cd68a0
recordings/S01D36/0812_102238_q07_t1.wav	158422	3d752466c5d49b9f07a1ea2b5a989cc4474be041f5c4d9d12210b74e8232f267
recordings/S01D36/0812_102322_q08_t1.wav	46464	31803c6b2b3f7932eaf304c63f7bc3dc91e52269c22df3f9bb089de1fec849d6
recordings/S01D36/0812_102339_q08_t2.wav	51926	945e75dcb8e0cdef41be904de22981fcdfe324ea904035633af1a1f7cf7c1834
recordings/S01D37/0813_143216_q01_t1.wav	79232	aeb1057633a21f5689cbbc325beec87ca36be2ae79f3e0fc44acb2d48ee3b0b9
recordings/S01D37/0813_143249_q02_t1.wav	71040	3dce897d6e29838605ee2e17eacc628c4f58b78f3007da337390f591a4c3ae3a
recordings/S01D37/0813_143315_q03_t1.wav	87424	49bd02f79631b3e558128563e76d7408644571bf8bcdda5b9fc56264a4d411d9
recordings/S01D37/0813_143407_q04_t1.wav	152960	bb08fd3aa6b276c85dc5f1fa8cf1b7c0804b4806be524f413573a8afe680945a
recordings/S01D37/0813_143458_q05_t1.wav	223958	d148b9627bbc67cb897fef8df7faed1f0e6264660ad9a2d772bb0f54cee2abe8
recordings/S01D37/0813_143520_q06_t1.wav	90156	c8ba508893c102468bbd0cd3b8a28fcdb98da26502ec507fec1712c0f5237087
recordings/S01D37/0813_143607_q07_t1.wav	43734	782fe79bb7338514e675b62cb4142eb03ae126c5a31c07f25e52316e336dd77c
recordings/S01D37/0813_143745_q08_t1.wav	185728	13fd565677d782bd9f28ae227c2886db99993fc6acc5903304e2dca6b00c7fea
recordings/S01D38/0814_142807_q01_t1.wav	51926	4c57132cdb1521fc3a4e51daf62a3fba2a8b7b5b9158c04de15123d7483397e6
recordings/S01D38/0814_142825_q02_t1.wav	81964	4b28cae28f280cc6a83783162199c5e8a7b8672c07c2921b4939a8a6d46e23dc
recordings/S01D38/0814_142901_q03_t1.wav	117462	abfa1530953c618aa8e271045f02003e8674a27b3acc9451a5df4b2cdd1636b2
recordings/S01D38/0814_142922_q04_t1.wav	79232	010d4e10489035d73524279cedbf684132c56083d6c8241f3ee0902baa007a26
recordings/S01D38/0814_142950_q05_t1.wav	155692	fc51adf3f59ece75cf0a8d873da0f74c36ebc74437ded526877426f4e9818fae
recordings/S01D38/0814_143012_q06_t1.wav	68310	fad03cc85cc8c349640a3996503239a9f8d86fbd3fca14c5f3e776da92a94558
recordings/S01D38/0814_143059_q07_t1.wav	46464	f3a1d2ea5ca0dff76561588b48dde81176d76f758d6ac0b23d98abeed4337ee8
recordings/S01D38/0814_143147_q08_t1.wav	60118	884ce5e6e7bb5a11d8367b71e6ed86363f894c3f1403a74eee37cbede2500e7d
recordings/S01D38/0814_143333_q08_t2.wav	60118	6ad872e7fff47095288562d0fe3b9dfe521d560aa1d88d9bfad8ce1748e462fe
recordings/S01D39/0815_203259_q01_t1.wav	117462	45aee1ca04b90d366a7ae069ded76a2ed0540554ce4598cc75a471ad242626e1
recordings/S01D39/0815_203322_q02_t1.wav	46464	aea5001e5c35ac16ea8822df138cc3cfb1f62f84e8c585b54cbeeefc90be9b1f
recordings/S01D39/0815_203403_q03_t1.wav	158422	33fc4987d6f177ea5008d98c7c3197b4f714b019a19608bdc0cc0e9414d71b57
recordings/S01D39/0815_203454_q04_t1.wav	90156	718f108302879309316249fdad35cba174477a85426fb12b318a676f10a0300a
recordings/S01D39/0815_203526_q05_t1.wav	87424	499a1421c8d70070a521d952adafad29d3da04ad6a02a527e7dcf038900723c2
recordings/S01D39/0815_203629_q06_t1.wav	294956	dede5651b1f194aea514eeb5edc90e18ae1b831fc959f3324b46d543ed3c55e6
recordings/S01D39/0815_203726_q07_t1.wav	169344	177ce59fbdda7ab539a23dcb17d4251856a0bdbc1fee0f204da20052cc580b72
recordings/S01D39/0815_203824_q08_t1.wav	90156	51b616318a579538e7980de05b440dc98287ae5df0e9a7c3db6791897d78957c
recordings/S01D40/0820_160739_q01_t1.wav	49196	7cd17f9c0bd29523b91a55fcc3ffa4cb9ae340b160350ec4a8f7634233c2cbf1
recordings/S01D40/0820_160800_q02_t1.wav	65580	f12e8e0a5ccd2685505394761581acaef61ea371f029d228800e1c0df3359dc5
recordings/S01D40/0820_160818_q03_t1.wav	68310	6cf981dea0b570828061ad19db78da5408d0ea9874214327a873d7fab8bbbdc4
recordings/S01D40/0820_160836_q04_t1.wav	43734	7aa1de5bb0cd868512f9aee36c6ff0f7a3d7a9c91a9b862b5151ef0bf265c8eb
recordings/S01D40/0820_160855_q05_t1.wav	84694	47ce980e73bcc12e1c48c428000d822e2ee1102ff593e1f1925d7d9cb3512680
recordings/S01D40/0820_160957_q06_t1.wav	404182	4cefc182b10ba5eca1d9dc6534bcbf1ddb8ff83c07db9a31365216281f9e4b66
recordings/S01D40/0820_161101_q07_t1.wav	60118	30f0d72cf521978eedc16f42a6011ccff10f47f8caa7725223e227bcb08b8542
recordings/S01D40/0820_161131_q08_t1.wav	38272	3d51a7320fec0bc734369b1e75808e8655d35f4da2b92751124fff8456d945e7
recordings/S01D41/0821_183722_q01_t1.wav	65580	e49a6a4b5db0e5c42bf569e43e42ee19f80db7162cf7c944ca088aa5bccc0c85
recordings/S01D41/0821_183744_q02_t1.wav	51926	824e2479cfebd3fcd574fb9a17598cdf3bbe0ffff95a8a5d770d6cbfbaa3c98b
recordings/S01D41/0821_183804_q03_t1.wav	60118	df19ab0ecec5910fffc16898926b4354d244eb431e4e6d5e44d44d801ef902b9
recordings/S01D41/0821_183825_q04_t1.wav	65580	c45011489f6822c0d92543d60d57421710db8f40bbc9299b4a6350910ababa59
recordings/S01D41/0821_183850_q05_t1.wav	90156	f84a200fad34587d2345b1ebee5a219c2440f2b678def1ff8412c8c0ef215f43
recordings/S01D41/0821_183934_q06_t1.wav	57388	c30b1583e58802a859a2b692a48f64425ea73cd8a0465d29618888302f87bb95
recordings/S01D41/0821_183955_q07_t1.wav	62848	f38ea791e8f5ebd96748a5c4d53a9583d38afce8bcf9104cc3cd048549c71472
recordings/S01D41/0821_184022_q08_t1.wav	101078	d641a003cdf18de614d7f943e46e7cd9d4aead2fc5c07553e9514b5ddbf2c663
recordings/S01D42/0822_210645_q01_t1.wav	65580	a5792bc4b313146a0f514a17dd015c823e0f9a90944ab75648eb6e268f15b4f0
recordings/S01D42/0822_210703_q02_t1.wav	51926	ce295183c03a076b7227d274b8910127ca2a5d6f55ffc603bc5fc3bb05edea62
recordings/S01D42/0822_210726_q03_t1.wav	54656	bb6984d0f02b206314409991ce47028dd506c0d542b1d5cdaf7bec5e48781d7a
recordings/S01D42/0822_210751_q04_t1.wav	71040	7336457cd04626e050bc3c4ee2c7108241d75d6d7b34a4fbd549ecc90f1d81d8
recordings/S01D42/0822_210820_q05_t1.wav	62848	a7985bc36488f7584fc032b523ee8a174694e09c30dd5cc6a14bd5cd8d2443ac
recordings/S01D42/0822_210844_q06_t1.wav	73772	ab86857ca02a40f3b0345ed2dd3a8665eb58517191951b95d2f7f9b4a1e4b1fa
recordings/S01D42/0822_210919_q07_t1.wav	54656	c1a54a59be8f962422c83e5958868a7990ff282abdc97433caef5c2844da0f74
recordings/S01D42/0822_210940_q08_t1.wav	57388	c283a2b1c7b42dfdff724bc6199bc015e36d51b6a25637f4a5aef985a89c4549
recordings/S01D43/0823_203406_q01_t1.wav	49196	a4bebfbb1594ce36f2a58aadf15e0b0f2721ad65bba8c8e4095041ceeaef1607
recordings/S01D43/0823_203422_q02_t1.wav	43734	fcac687c5ca895e947a9196dbb21e9c73da33bb73bd0e23d18c53f93aae31aa4
recordings/S01D43/0823_203438_q03_t1.wav	43734	212d60f6b905a8041b387f5ab321839e23c4cdd16150b6183ff9030c18d48a34
recordings/S01D43/0823_203455_q04_t1.wav	49196	77fefb56dac9162465f309306aed3366b25bbccd982f90c64a3342a458de8880
recordings/S01D43/0823_203511_q05_t1.wav	49196	b89eae8b0141cac6f4c65d0aa86c08708c149800bb0ac6cc6d6b0080ec6a26d5
recordings/S01D43/0823_203533_q06_t1.wav	62848	5e7668f2845b87d5e81747aed2521f01df48a168a06f17f819c07f30da781d61
recordings/S01D43/0823_203554_q07_t1.wav	54656	ba77e6e9ba19e23c0f9a9b02ecf86157403b5020d23744a0265530e0d21fd84c
recordings/S01D43/0823_203628_q08_t1.wav	73772	01ae951019e968fef0935498be5d3707f12b5e0c99b5b0c592877ea3656e29e4
recordings/S01D43/0823_203646_q08_t2.wav	51926	f41496b27dfbf419169c93e51ac26f521fcae128ae895d98e9a872853f53aa1a
recordings/smoke/0612_134732.wav	169004	d73c3b77ad77ee6ac8630d576532a0aed84b8e2129ae0f868979e97107132e2a
recordings/smoke/0612_134839.wav	134444	b3b0aaa806c58fc624d978ab71a88b52921fb69b7eb49ea847f514049e91437d
recordings/smoke/0612_135317.wav	121004	f6cc841210e772e8ebcef5a63957513f2af187bc0f1aec4e3a00434aef9965ae
results.json	608339	01b6e84932f20eaa14dd8030dc8b73463f3cad787e3cf495e5e8883fbd62ae11
